<?xml version="1.0" encoding="UTF-8"?>
<con:soapui-project id="321984b5-16d2-44b7-b461-f703cfae6ae3" activeEnvironment="Default" name="medicareSupplier" resourceRoot="" soapui-version="5.2.1" xmlns:con="http://eviware.com/soapui/config"><con:settings/><con:interface xsi:type="con:WsdlInterface" id="373170cf-4514-43d9-9147-501afeb02d1d" wsaVersion="NONE" name="MediCareSupplierSoap" type="wsdl" bindingName="{http://www.webservicex.net/}MediCareSupplierSoap" soapVersion="1_1" anonymous="optional" definition="http://www.webservicex.net/medicareSupplier.asmx?WSDL" xmlns:xsi="http://www.w3.org/2001/XMLSchema-instance"><con:settings/><con:definitionCache type="TEXT" rootPart="http://www.webservicex.net/medicareSupplier.asmx?WSDL"><con:part><con:url>http://www.webservicex.net/medicareSupplier.asmx?WSDL</con:url><con:content><![CDATA[<wsdl:definitions targetNamespace="http://www.webservicex.net/" xmlns:tm="http://microsoft.com/wsdl/mime/textMatching/" xmlns:soapenc="http://schemas.xmlsoap.org/soap/encoding/" xmlns:mime="http://schemas.xmlsoap.org/wsdl/mime/" xmlns:tns="http://www.webservicex.net/" xmlns:soap="http://schemas.xmlsoap.org/wsdl/soap/" xmlns:s="http://www.w3.org/2001/XMLSchema" xmlns:soap12="http://schemas.xmlsoap.org/wsdl/soap12/" xmlns:http="http://schemas.xmlsoap.org/wsdl/http/" xmlns:wsdl="http://schemas.xmlsoap.org/wsdl/">
  <wsdl:documentation>This section provides names, addresses, and contact information for suppliers that provide services or products under the Medicare program. A supplier is an individual or entity that has agreed to provide health care equipment, items, or services under Medicare. A supplier may provide items such as: Durable Medical Equipment (wheelchairs, walkers, oxygen), Prosthetics (artificial limb replacements or dentures) or Orthotics (mechanical devices used to assist in mobility or supplement the joints and limbs). In addition, a type of supplier can also be Pharmacy/Drug Stores and Optometry/Opticians.This Supplier Directory lists Medicare enrolled pharmacies and suppliers.</wsdl:documentation>
  <wsdl:types>
    <s:schema elementFormDefault="qualified" targetNamespace="http://www.webservicex.net/">
      <s:element name="GetSupplierByZipCode">
        <s:complexType>
          <s:sequence>
            <s:element minOccurs="0" maxOccurs="1" name="zip" type="s:string"/>
          </s:sequence>
        </s:complexType>
      </s:element>
      <s:element name="GetSupplierByZipCodeResponse">
        <s:complexType>
          <s:sequence>
            <s:element minOccurs="1" maxOccurs="1" name="GetSupplierByZipCodeResult" type="s:boolean"/>
            <s:element minOccurs="1" maxOccurs="1" name="SupplierDataLists" type="tns:SupplierDataList"/>
          </s:sequence>
        </s:complexType>
      </s:element>
      <s:complexType name="SupplierDataList">
        <s:sequence>
          <s:element minOccurs="0" maxOccurs="1" name="SupplierDatas" type="tns:ArrayOfSupplierData"/>
          <s:element minOccurs="1" maxOccurs="1" name="TotalRecords" type="s:int"/>
        </s:sequence>
      </s:complexType>
      <s:complexType name="ArrayOfSupplierData">
        <s:sequence>
          <s:element minOccurs="0" maxOccurs="unbounded" name="SupplierData" type="tns:SupplierData"/>
        </s:sequence>
      </s:complexType>
      <s:complexType name="SupplierData">
        <s:sequence>
          <s:element minOccurs="0" maxOccurs="1" name="SupplierNumber" type="s:string"/>
          <s:element minOccurs="0" maxOccurs="1" name="CompanyName" type="s:string"/>
          <s:element minOccurs="0" maxOccurs="1" name="Address1" type="s:string"/>
          <s:element minOccurs="0" maxOccurs="1" name="Address2" type="s:string"/>
          <s:element minOccurs="0" maxOccurs="1" name="City" type="s:string"/>
          <s:element minOccurs="0" maxOccurs="1" name="State" type="s:string"/>
          <s:element minOccurs="0" maxOccurs="1" name="Zip" type="s:string"/>
          <s:element minOccurs="0" maxOccurs="1" name="ZipPlus4" type="s:string"/>
          <s:element minOccurs="0" maxOccurs="1" name="Telephone" type="s:string"/>
          <s:element minOccurs="0" maxOccurs="1" name="Description" type="s:string"/>
          <s:element minOccurs="0" maxOccurs="1" name="IsSupplierParticipating" type="s:string"/>
        </s:sequence>
      </s:complexType>
      <s:element name="GetSupplierByCity">
        <s:complexType>
          <s:sequence>
            <s:element minOccurs="0" maxOccurs="1" name="City" type="s:string"/>
          </s:sequence>
        </s:complexType>
      </s:element>
      <s:element name="GetSupplierByCityResponse">
        <s:complexType>
          <s:sequence>
            <s:element minOccurs="1" maxOccurs="1" name="GetSupplierByCityResult" type="s:boolean"/>
            <s:element minOccurs="1" maxOccurs="1" name="SupplierDataLists" type="tns:SupplierDataList"/>
          </s:sequence>
        </s:complexType>
      </s:element>
      <s:element name="GetSupplierBySupplyType">
        <s:complexType>
          <s:sequence>
            <s:element minOccurs="0" maxOccurs="1" name="description" type="s:string"/>
          </s:sequence>
        </s:complexType>
      </s:element>
      <s:element name="GetSupplierBySupplyTypeResponse">
        <s:complexType>
          <s:sequence>
            <s:element minOccurs="1" maxOccurs="1" name="GetSupplierBySupplyTypeResult" type="s:boolean"/>
            <s:element minOccurs="1" maxOccurs="1" name="SupplierDataLists" type="tns:SupplierDataList"/>
          </s:sequence>
        </s:complexType>
      </s:element>
    </s:schema>
  </wsdl:types>
  <wsdl:message name="GetSupplierByZipCodeSoapIn">
    <wsdl:part name="parameters" element="tns:GetSupplierByZipCode"/>
  </wsdl:message>
  <wsdl:message name="GetSupplierByZipCodeSoapOut">
    <wsdl:part name="parameters" element="tns:GetSupplierByZipCodeResponse"/>
  </wsdl:message>
  <wsdl:message name="GetSupplierByCitySoapIn">
    <wsdl:part name="parameters" element="tns:GetSupplierByCity"/>
  </wsdl:message>
  <wsdl:message name="GetSupplierByCitySoapOut">
    <wsdl:part name="parameters" element="tns:GetSupplierByCityResponse"/>
  </wsdl:message>
  <wsdl:message name="GetSupplierBySupplyTypeSoapIn">
    <wsdl:part name="parameters" element="tns:GetSupplierBySupplyType"/>
  </wsdl:message>
  <wsdl:message name="GetSupplierBySupplyTypeSoapOut">
    <wsdl:part name="parameters" element="tns:GetSupplierBySupplyTypeResponse"/>
  </wsdl:message>
  <wsdl:portType name="MediCareSupplierSoap">
    <wsdl:operation name="GetSupplierByZipCode">
      <wsdl:documentation>Get Supplier details by Zip Code</wsdl:documentation>
      <wsdl:input message="tns:GetSupplierByZipCodeSoapIn"/>
      <wsdl:output message="tns:GetSupplierByZipCodeSoapOut"/>
    </wsdl:operation>
    <wsdl:operation name="GetSupplierByCity">
      <wsdl:documentation>Get Supplier details by City</wsdl:documentation>
      <wsdl:input message="tns:GetSupplierByCitySoapIn"/>
      <wsdl:output message="tns:GetSupplierByCitySoapOut"/>
    </wsdl:operation>
    <wsdl:operation name="GetSupplierBySupplyType">
      <wsdl:documentation>Get Supplier details by Supply Type</wsdl:documentation>
      <wsdl:input message="tns:GetSupplierBySupplyTypeSoapIn"/>
      <wsdl:output message="tns:GetSupplierBySupplyTypeSoapOut"/>
    </wsdl:operation>
  </wsdl:portType>
  <wsdl:portType name="MediCareSupplierHttpGet"/>
  <wsdl:portType name="MediCareSupplierHttpPost"/>
  <wsdl:binding name="MediCareSupplierSoap" type="tns:MediCareSupplierSoap">
    <soap:binding transport="http://schemas.xmlsoap.org/soap/http"/>
    <wsdl:operation name="GetSupplierByZipCode">
      <soap:operation soapAction="http://www.webservicex.net/GetSupplierByZipCode" style="document"/>
      <wsdl:input>
        <soap:body use="literal"/>
      </wsdl:input>
      <wsdl:output>
        <soap:body use="literal"/>
      </wsdl:output>
    </wsdl:operation>
    <wsdl:operation name="GetSupplierByCity">
      <soap:operation soapAction="http://www.webservicex.net/GetSupplierByCity" style="document"/>
      <wsdl:input>
        <soap:body use="literal"/>
      </wsdl:input>
      <wsdl:output>
        <soap:body use="literal"/>
      </wsdl:output>
    </wsdl:operation>
    <wsdl:operation name="GetSupplierBySupplyType">
      <soap:operation soapAction="http://www.webservicex.net/GetSupplierBySupplyType" style="document"/>
      <wsdl:input>
        <soap:body use="literal"/>
      </wsdl:input>
      <wsdl:output>
        <soap:body use="literal"/>
      </wsdl:output>
    </wsdl:operation>
  </wsdl:binding>
  <wsdl:binding name="MediCareSupplierSoap12" type="tns:MediCareSupplierSoap">
    <soap12:binding transport="http://schemas.xmlsoap.org/soap/http"/>
    <wsdl:operation name="GetSupplierByZipCode">
      <soap12:operation soapAction="http://www.webservicex.net/GetSupplierByZipCode" style="document"/>
      <wsdl:input>
        <soap12:body use="literal"/>
      </wsdl:input>
      <wsdl:output>
        <soap12:body use="literal"/>
      </wsdl:output>
    </wsdl:operation>
    <wsdl:operation name="GetSupplierByCity">
      <soap12:operation soapAction="http://www.webservicex.net/GetSupplierByCity" style="document"/>
      <wsdl:input>
        <soap12:body use="literal"/>
      </wsdl:input>
      <wsdl:output>
        <soap12:body use="literal"/>
      </wsdl:output>
    </wsdl:operation>
    <wsdl:operation name="GetSupplierBySupplyType">
      <soap12:operation soapAction="http://www.webservicex.net/GetSupplierBySupplyType" style="document"/>
      <wsdl:input>
        <soap12:body use="literal"/>
      </wsdl:input>
      <wsdl:output>
        <soap12:body use="literal"/>
      </wsdl:output>
    </wsdl:operation>
  </wsdl:binding>
  <wsdl:binding name="MediCareSupplierHttpGet" type="tns:MediCareSupplierHttpGet">
    <http:binding verb="GET"/>
  </wsdl:binding>
  <wsdl:binding name="MediCareSupplierHttpPost" type="tns:MediCareSupplierHttpPost">
    <http:binding verb="POST"/>
  </wsdl:binding>
  <wsdl:service name="MediCareSupplier">
    <wsdl:documentation>This section provides names, addresses, and contact information for suppliers that provide services or products under the Medicare program. A supplier is an individual or entity that has agreed to provide health care equipment, items, or services under Medicare. A supplier may provide items such as: Durable Medical Equipment (wheelchairs, walkers, oxygen), Prosthetics (artificial limb replacements or dentures) or Orthotics (mechanical devices used to assist in mobility or supplement the joints and limbs). In addition, a type of supplier can also be Pharmacy/Drug Stores and Optometry/Opticians.This Supplier Directory lists Medicare enrolled pharmacies and suppliers.</wsdl:documentation>
    <wsdl:port name="MediCareSupplierSoap" binding="tns:MediCareSupplierSoap">
      <soap:address location="http://www.webservicex.net/medicareSupplier.asmx"/>
    </wsdl:port>
    <wsdl:port name="MediCareSupplierSoap12" binding="tns:MediCareSupplierSoap12">
      <soap12:address location="http://www.webservicex.net/medicareSupplier.asmx"/>
    </wsdl:port>
    <wsdl:port name="MediCareSupplierHttpGet" binding="tns:MediCareSupplierHttpGet">
      <http:address location="http://www.webservicex.net/medicareSupplier.asmx"/>
    </wsdl:port>
    <wsdl:port name="MediCareSupplierHttpPost" binding="tns:MediCareSupplierHttpPost">
      <http:address location="http://www.webservicex.net/medicareSupplier.asmx"/>
    </wsdl:port>
  </wsdl:service>
</wsdl:definitions>]]></con:content><con:type>http://schemas.xmlsoap.org/wsdl/</con:type></con:part></con:definitionCache><con:endpoints><con:endpoint>http://www.webservicex.net/medicareSupplier.asmx</con:endpoint></con:endpoints><con:operation id="0882dca4-9ff2-4861-8f61-a7f93d2723c0" isOneWay="false" action="http://www.webservicex.net/GetSupplierByCity" name="GetSupplierByCity" bindingOperationName="GetSupplierByCity" type="Request-Response" inputName="" receivesAttachments="false" sendsAttachments="false" anonymous="optional"><con:settings/><con:call id="b8cb6fe1-068e-4d4e-9c10-fd850cbe65e6" name="Request 1"><con:settings/><con:encoding>UTF-8</con:encoding><con:endpoint>http://www.webservicex.net/medicareSupplier.asmx</con:endpoint><con:request><![CDATA[<soapenv:Envelope xmlns:soapenv="http://schemas.xmlsoap.org/soap/envelope/" xmlns:web="http://www.webservicex.net/">\r
   <soapenv:Header/>\r
   <soapenv:Body>\r
      <web:GetSupplierByCity>\r
         <!--Optional:-->\r
         <web:City>?</web:City>\r
      </web:GetSupplierByCity>\r
   </soapenv:Body>\r
</soapenv:Envelope>]]></con:request><con:wsaConfig mustUnderstand="NONE" version="200508" action="http://www.webservicex.net/GetSupplierByCity"/></con:call></con:operation><con:operation id="79bc507a-57a2-4770-9e26-e4fdb3a7488b" isOneWay="false" action="http://www.webservicex.net/GetSupplierBySupplyType" name="GetSupplierBySupplyType" bindingOperationName="GetSupplierBySupplyType" type="Request-Response" inputName="" receivesAttachments="false" sendsAttachments="false" anonymous="optional"><con:settings/><con:call id="2726db8f-542b-4c6d-8a5a-bf43dcc6843e" name="Request 1"><con:settings/><con:encoding>UTF-8</con:encoding><con:endpoint>http://www.webservicex.net/medicareSupplier.asmx</con:endpoint><con:request><![CDATA[<soapenv:Envelope xmlns:soapenv="http://schemas.xmlsoap.org/soap/envelope/" xmlns:web="http://www.webservicex.net/">\r
   <soapenv:Header/>\r
   <soapenv:Body>\r
      <web:GetSupplierBySupplyType>\r
         <!--Optional:-->\r
         <web:description>?</web:description>\r
      </web:GetSupplierBySupplyType>\r
   </soapenv:Body>\r
</soapenv:Envelope>]]></con:request><con:wsaConfig mustUnderstand="NONE" version="200508" action="http://www.webservicex.net/GetSupplierBySupplyType"/></con:call></con:operation><con:operation id="e53bcd7e-8435-4f49-8754-61f88d8565d6" isOneWay="false" action="http://www.webservicex.net/GetSupplierByZipCode" name="GetSupplierByZipCode" bindingOperationName="GetSupplierByZipCode" type="Request-Response" inputName="" receivesAttachments="false" sendsAttachments="false" anonymous="optional"><con:settings/><con:call id="6dd52a08-6d1f-4e4b-8085-f9c812ceff51" name="Request 1"><con:settings/><con:encoding>UTF-8</con:encoding><con:endpoint>http://www.webservicex.net/medicareSupplier.asmx</con:endpoint><con:request><![CDATA[<soapenv:Envelope xmlns:soapenv="http://schemas.xmlsoap.org/soap/envelope/" xmlns:web="http://www.webservicex.net/">\r
   <soapenv:Header/>\r
   <soapenv:Body>\r
      <web:GetSupplierByZipCode>\r
         <!--Optional:-->\r
         <web:zip>?</web:zip>\r
      </web:GetSupplierByZipCode>\r
   </soapenv:Body>\r
</soapenv:Envelope>]]></con:request><con:wsaConfig mustUnderstand="NONE" version="200508" action="http://www.webservicex.net/GetSupplierByZipCode"/></con:call></con:operation></con:interface><con:testSuite id="594b02a5-f9b2-4775-8e48-298f926898c8" name="MediCareSupplierSoap TestSuite"><con:settings/><con:runType>SEQUENTIAL</con:runType><con:testCase id="fc2caa29-1be1-4d6f-93d3-5d516cd90f4a" failOnError="true" failTestCaseOnErrors="true" keepSession="false" maxResults="0" name="GetSupplierByCity TestCase" searchProperties="true"><con:settings/><con:testStep type="request" id="e35277b0-37fd-4203-82f5-32e17e4ce71a" name="GetSupplierByCity"><con:settings/><con:config xsi:type="con:RequestStep" xmlns:xsi="http://www.w3.org/2001/XMLSchema-instance"><con:interface>MediCareSupplierSoap</con:interface><con:operation>GetSupplierByCity</con:operation><con:request name="GetSupplierByCity" id="f1f5d865-7770-4919-ae26-3cd09ec9a396"><con:settings><con:setting id="com.eviware.soapui.impl.wsdl.WsdlRequest@request-headers">&lt;xml-fragment/></con:setting></con:settings><con:encoding>UTF-8</con:encoding><con:endpoint>http://www.webservicex.net/medicareSupplier.asmx</con:endpoint><con:request><![CDATA[<soapenv:Envelope xmlns:soapenv="http://schemas.xmlsoap.org/soap/envelope/" xmlns:web="http://www.webservicex.net/">\r
   <soapenv:Header/>\r
   <soapenv:Body>\r
      <web:GetSupplierByCity>\r
         <!--Optional:-->\r
         <web:City>chicago</web:City>\r
      </web:GetSupplierByCity>\r
   </soapenv:Body>\r
</soapenv:Envelope>]]></con:request><con:assertion type="XPath Match" id="364d44c4-d191-4f41-a340-64f981546962" name="XPath Match"><con:configuration><path>declare namespace soap='http://schemas.xmlsoap.org/soap/envelope/';
declare namespace ns1='http://www.webservicex.net/';
count(//ns1:SupplierData)</path><content>665</content><allowWildcards>false</allowWildcards><ignoreNamspaceDifferences>false</ignoreNamspaceDifferences><ignoreComments>false</ignoreComments></con:configuration></con:assertion><con:assertion type="XPath Match" id="b3fc1d02-daed-4411-8904-d26a3d39ab4a" name="XPath Match 1"><con:configuration><path>declare namespace soap='http://schemas.xmlsoap.org/soap/envelope/';
declare namespace ns1='http://www.webservicex.net/';
//ns1:SupplierDataLists/ns1:SupplierDatas/ns1:SupplierData[2]/ns1:SupplierNumber</path><content>0145580001</content><allowWildcards>false</allowWildcards><ignoreNamspaceDifferences>false</ignoreNamspaceDifferences><ignoreComments>false</ignoreComments></con:configuration></con:assertion><con:assertion type="XPath Match" id="725982ce-3074-4c99-9407-bd426d486de3" name="XPath Match 2"><con:configuration><path>declare namespace soap='http://schemas.xmlsoap.org/soap/envelope/';
declare namespace ns1='http://www.webservicex.net/';
//ns1:SupplierData[2]/ns1:CompanyName</path><content>LAWRENCE S STONE MD</content><allowWildcards>false</allowWildcards><ignoreNamspaceDifferences>false</ignoreNamspaceDifferences><ignoreComments>false</ignoreComments></con:configuration></con:assertion><con:credentials><con:authType>No Authorization</con:authType></con:credentials><con:jmsConfig JMSDeliveryMode="PERSISTENT"/><con:jmsPropertyConfig/><con:wsaConfig action="http://www.webservicex.net/GetSupplierByCity" mustUnderstand="NONE" version="200508"/><con:wsrmConfig version="1.2"/></con:request></con:config></con:testStep><con:properties/></con:testCase><con:testCase id="17c48483-c2bb-4476-ae42-9f222f86731e" failOnError="true" failTestCaseOnErrors="true" keepSession="false" maxResults="0" name="GetSupplierBySupplyType TestCase" searchProperties="true"><con:settings/><con:testStep type="request" id="7b13b662-6589-4534-b622-6946f91489d3" name="GetSupplierBySupplyType"><con:settings/><con:config xsi:type="con:RequestStep" xmlns:xsi="http://www.w3.org/2001/XMLSchema-instance"><con:interface>MediCareSupplierSoap</con:interface><con:operation>GetSupplierBySupplyType</con:operation><con:request name="GetSupplierBySupplyType" id="dddbbe63-9e1b-49eb-ac25-f0305922e9f0"><con:settings/><con:encoding>UTF-8</con:encoding><con:endpoint>http://www.webservicex.net/medicareSupplier.asmx</con:endpoint><con:request><![CDATA[<soapenv:Envelope xmlns:soapenv="http://schemas.xmlsoap.org/soap/envelope/" xmlns:web="http://www.webservicex.net/">\r
   <soapenv:Header/>\r
   <soapenv:Body>\r
      <web:GetSupplierBySupplyType>\r
         <!--Optional:-->\r
         <web:description>?</web:description>\r
      </web:GetSupplierBySupplyType>\r
   </soapenv:Body>\r
</soapenv:Envelope>]]></con:request><con:credentials><con:authType>No Authorization</con:authType></con:credentials><con:wsaConfig action="http://www.webservicex.net/GetSupplierBySupplyType"/></con:request></con:config></con:testStep><con:properties/></con:testCase><con:testCase id="4d01d61c-9c25-4c97-a6d8-e7b2b15ca19b" failOnError="true" failTestCaseOnErrors="true" keepSession="false" maxResults="0" name="GetSupplierByZipCode TestCase" searchProperties="true"><con:settings/><con:testStep type="request" id="5d9a3370-802f-4778-a66b-b769c810ce16" name="GetSupplierByZipCode"><con:settings/><con:config xsi:type="con:RequestStep" xmlns:xsi="http://www.w3.org/2001/XMLSchema-instance"><con:interface>MediCareSupplierSoap</con:interface><con:operation>GetSupplierByZipCode</con:operation><con:request name="GetSupplierByZipCode" id="55ac8de1-94c2-456a-81b1-3069f88b2bb0"><con:settings/><con:encoding>UTF-8</con:encoding><con:endpoint>http://www.webservicex.net/medicareSupplier.asmx</con:endpoint><con:request><![CDATA[<soapenv:Envelope xmlns:soapenv="http://schemas.xmlsoap.org/soap/envelope/" xmlns:web="http://www.webservicex.net/">\r
   <soapenv:Header/>\r
   <soapenv:Body>\r
      <web:GetSupplierByZipCode>\r
         <!--Optional:-->\r
         <web:zip>?</web:zip>\r
      </web:GetSupplierByZipCode>\r
   </soapenv:Body>\r
</soapenv:Envelope>]]></con:request><con:credentials><con:authType>No Authorization</con:authType></con:credentials><con:wsaConfig action="http://www.webservicex.net/GetSupplierByZipCode"/></con:request></con:config></con:testStep><con:properties/></con:testCase><con:properties/></con:testSuite><con:properties/><con:wssContainer/><con:oAuth2ProfileContainer/></con:soapui-project>